title,artist,title_listeners,title_scrobbles,title_tags,genre_tags,title_duration,audio_path,yt_title,yt_url,yt_duration,yt_views,new_audio_path
–°—Ç–∞—Ä–µ–Ω—å–∫–∏–π —Ç—Ä–∞–º–≤–∞–π,–ú–µ—Ä—Ç–≤–∏–π –ü—ñ–≤–µ–Ω—å,755.0,3074.0,"['folk-rock', 'rock', 'ukrainian rock']","['folk', 'rock']",,audio\16. –ú–µ—Ä—Ç–≤–∏–π –ü—ñ–≤–µ–Ω—å (27.5.2006) ‚Äî –°—Ç–∞—Ä–µ–Ω—å–∫–∏–π —Ç—Ä–∞–º–≤–∞–π.mp3,16. –ú–µ—Ä—Ç–≤–∏–π –ü—ñ–≤–µ–Ω—å (27.5.2006) ‚Äî –°—Ç–∞—Ä–µ–Ω—å–∫–∏–π —Ç—Ä–∞–º–≤–∞–π,https://youtube.com/watch?v=8wadfrwzy4I,228,4886,musicnn-training\data\audio\16. –ú–µ—Ä—Ç–≤–∏–π –ü—ñ–≤–µ–Ω—å (27.5.2006) ‚Äî –°—Ç–∞—Ä–µ–Ω—å–∫–∏–π —Ç—Ä–∞–º–≤–∞–π.mp3
–ü—Ä–æ–∫—É—Ä–µ–Ω–∏–π –±–∞–ª–∫–æ–Ω,Sad Novelist,1610.0,10699.0,['post-punk'],['punk'],153.0,audio\–ü—Ä–æ–∫—É—Ä–µ–Ω–∏–π –±–∞–ª–∫–æ–Ω.mp3,–ü—Ä–æ–∫—É—Ä–µ–Ω–∏–π –±–∞–ª–∫–æ–Ω,https://youtube.com/watch?v=RP0xver_0jI,154,88962,musicnn-training\data\audio\–ü—Ä–æ–∫—É—Ä–µ–Ω–∏–π –±–∞–ª–∫–æ–Ω.mp3
–î–∏—Ö–∞—î –≤—É–ª–∏—Ü—è,alyona alyona,2866.0,10557.0,"['hip hop', 'hip-hop', 'rap']","['hip-hop', 'rap']",157.0,audio\–î–∏—Ö–∞—î –≤—É–ª–∏—Ü—è.mp3,–î–∏—Ö–∞—î –≤—É–ª–∏—Ü—è,https://youtube.com/watch?v=c2x1G13ygW4,158,66,musicnn-training\data\audio\–î–∏—Ö–∞—î –≤—É–ª–∏—Ü—è.mp3
–ú–∏,–ê–Ω—Ç–∏—Ç—ñ–ª–∞,397.0,1565.0,"['indie', 'pop-rock', 'rock']","['indie', 'pop', 'rock']",206.0,audio\–ê–Ω—Ç–∏—Ç—ñ–ª–∞ - –ú–∏ / Song.mp3,–ê–Ω—Ç–∏—Ç—ñ–ª–∞ - –ú–∏ / Song,https://youtube.com/watch?v=Xn52KEgs7XI,207,84312,
–ù–µ —á–µ–∫–∞–π,Mad Heads XL,118.0,510.0,"['ethnic', 'reggae', 'rock', 'ska']","['reggae', 'rock', 'ska']",,audio\Mad Heads - –ù–µ —á–µ–∫–∞–π (official music video).mp3,Mad Heads - –ù–µ —á–µ–∫–∞–π (official music video),https://youtube.com/watch?v=tlqktoIJPsE,245,13944,musicnn-training\data\audio\Mad Heads - –ù–µ —á–µ–∫–∞–π (official music video).mp3
–í—Å–µ –Ω–µ–≤–∏–ø–∞–¥–∫–æ–≤–æ,Zlata Ognevich,269.0,1066.0,['pop'],['pop'],184.0,audio\ZLATA OGNEVICH - –í—Å–µ –ù–µ–≤–∏–ø–∞–¥–∫–æ–≤–æ | –ü—Ä–µ–º'—î—Ä–∞ 2024.mp3,ZLATA OGNEVICH - –í—Å–µ –ù–µ–≤–∏–ø–∞–¥–∫–æ–≤–æ | –ü—Ä–µ–º'—î—Ä–∞ 2024,https://youtube.com/watch?v=5nCdlrUeVgs,184,1027017,
–ú–∞—á–æ,–ê—Ä—Å–µ–Ω –ú—ñ—Ä–∑–æ—è–Ω,83.0,338.0,['rock'],['rock'],197.0,audio\–ú–∞—á–æ.mp3,–ú–∞—á–æ,https://youtube.com/watch?v=zqAKjvBje9E,198,87474,musicnn-training\data\audio\–ú–∞—á–æ.mp3
–ö–æ—Ö–∞–Ω–Ω—è,Artem Pivovarov,104.0,544.0,"['folk', 'pop', 'ukrainian pop']","['folk', 'pop']",,audio\–ê—Ä—Ç–µ–º –ü–∏–≤–æ–≤–∞—Ä–æ–≤ - –ö–æ—Ö–∞–Ω–Ω—è (Lyric Video).mp3,–ê—Ä—Ç–µ–º –ü–∏–≤–æ–≤–∞—Ä–æ–≤ - –ö–æ—Ö–∞–Ω–Ω—è (Lyric Video),https://youtube.com/watch?v=SXMNKXMGrdw,191,196179,musicnn-training\data\audio\–ê—Ä—Ç–µ–º –ü–∏–≤–æ–≤–∞—Ä–æ–≤ - –ö–æ—Ö–∞–Ω–Ω—è (Lyric Video).mp3
–ó–º–µ–Ω—à—É–π –æ–±–µ—Ä—Ç–∏,–ê—Ä—Å–µ–Ω –ú—ñ—Ä–∑–æ—è–Ω,99.0,294.0,['rock'],['rock'],174.0,audio\–ó–º–µ–Ω—à—É–π –æ–±–µ—Ä—Ç–∏.mp3,–ó–º–µ–Ω—à—É–π –æ–±–µ—Ä—Ç–∏,https://youtube.com/watch?v=8nMynI42qA4,174,206611,musicnn-training\data\audio\–ó–º–µ–Ω—à—É–π –æ–±–µ—Ä—Ç–∏.mp3
–ü–µ—Ç–ª—è,–°–∫–∞–∂–∏ —â–æ—Å—å –ø–æ–≥–∞–Ω–µ,429.0,2665.0,"['indie pop', 'psychedelic rock']","['indie', 'pop', 'rock']",205.0,audio\–ü–µ—Ç–ª—è.mp3,–ü–µ—Ç–ª—è,https://youtube.com/watch?v=UcOyI0xU1fA,206,23902,musicnn-training\data\audio\–ü–µ—Ç–ª—è.mp3
Indy,PROBASS ‚àÜ HARDI,913.0,2942.0,"['edm', 'electronic']","['edm', 'electro']",269.0,audio\PROBASS ‚àÜ HARDI - INDY.mp3,PROBASS ‚àÜ HARDI - INDY,https://youtube.com/watch?v=CjotzQcHJ1M,249,168337,musicnn-training\data\audio\PROBASS ‚àÜ HARDI - INDY.mp3
–¢–∏ –≤—Ç—Ä–µ—Ç—î —Ü—å–æ–≥–æ –ª—ñ—Ç–∞ –∑–∞—Ü–≤—ñ—Ç–µ—à,–ü–ª–∞—á –Ñ—Ä–µ–º—ñ—ó,1694.0,7619.0,"['rock', 'ukrainian rock']",['rock'],,audio\–ü–ª–∞—á –Ñ—Ä–µ–º—ñ—ó - –¢–∏ –≤—Ç—Ä–µ—Ç—î —Ü—å–æ–≥–æ –ª—ñ—Ç–∞ –∑–∞—Ü–≤—ñ—Ç–µ—à.mp3,–ü–ª–∞—á –Ñ—Ä–µ–º—ñ—ó - –¢–∏ –≤—Ç—Ä–µ—Ç—î —Ü—å–æ–≥–æ –ª—ñ—Ç–∞ –∑–∞—Ü–≤—ñ—Ç–µ—à,https://youtube.com/watch?v=ergjjMQywHU,217,2045107,musicnn-training\data\audio\–ü–ª–∞—á –Ñ—Ä–µ–º—ñ—ó - –¢–∏ –≤—Ç—Ä–µ—Ç—î —Ü—å–æ–≥–æ –ª—ñ—Ç–∞ –∑–∞—Ü–≤—ñ—Ç–µ—à.mp3
–ó–¥–æ—Ö–Ω–∏ –Ü–º–ø–µ—Ä—ñ—è,–û—Ä–µ—Å—Ç –õ—é—Ç–∏–π,277.0,958.0,['comedy'],[],,"audio\–û—Ä–µ—Å—Ç –õ—é—Ç–∏–π - –ó–¥–æ—Ö–Ω–∏, —ñ–º–ø–µ—Ä—ñ—î!.mp3","–û—Ä–µ—Å—Ç –õ—é—Ç–∏–π - –ó–¥–æ—Ö–Ω–∏, —ñ–º–ø–µ—Ä—ñ—î!",https://youtube.com/watch?v=aF5aHE7wSQY,212,64745,"musicnn-training\data\audio\–û—Ä–µ—Å—Ç –õ—é—Ç–∏–π - –ó–¥–æ—Ö–Ω–∏, —ñ–º–ø–µ—Ä—ñ—î!.mp3"
–¢–∞—Ä–∞–º—Ç–∞—Ä–∞—Ç—ñ–¥–∞,–¢–∞—Ä—Ç–∞–∫,1806.0,12896.0,"['alternative', 'hip-hop', 'rapcore', 'rock']","['alternative', 'hip-hop', 'rap', 'rock']",199.0,audio\–¢–∞—Ä–∞–º—Ç–∞—Ä–∞—Ç—ñ–¥–∞.mp3,–¢–∞—Ä–∞–º—Ç–∞—Ä–∞—Ç—ñ–¥–∞,https://youtube.com/watch?v=JpM7D_Gx4YQ,199,21889,musicnn-training\data\audio\–¢–∞—Ä–∞–º—Ç–∞—Ä–∞—Ç—ñ–¥–∞.mp3
–°–∫–æ—Ä–æ –±—É–¥—É –ø–æ—Ä—É—á,–ö—Ä–∏—Ö—ñ—Ç–∫–∞ –¶–∞—Ö–µ—Å,4166.0,27873.0,"['alternative', 'indie', 'pop-rock']","['alternative', 'indie', 'pop', 'rock']",152.0,audio\–°–∫–æ—Ä–æ –ë—É–¥—É –ü–æ—Ä—É—á.mp3,–°–∫–æ—Ä–æ –ë—É–¥—É –ü–æ—Ä—É—á,https://youtube.com/watch?v=u8Tx6-VS5sA,153,28377,musicnn-training\data\audio\–°–∫–æ—Ä–æ –ë—É–¥—É –ü–æ—Ä—É—á.mp3
–û–∫,–°–µ—Ä—Ü–µ–≤–∏–π –ù–∞–ø–∞–¥,35.0,86.0,"['pop punk', 'punk', 'punk rock']","['pop', 'punk', 'rock']",,audio\–û–∫.mp3,–û–∫,https://youtube.com/watch?v=UwKcDn5QDCk,155,1884,musicnn-training\data\audio\–û–∫.mp3
–°–∞–º —Å–æ–±—ñ –∫—Ä–∞—ó–Ω–∞,–°–∫—Ä—è–±—ñ–Ω,7695.0,45773.0,"['electronic', 'pop-rock', 'synthpop']","['electro', 'pop', 'rock']",264.0,audio\–°–∞–º —Å–æ–±—ñ –∫—Ä–∞—ó–Ω–∞.mp3,–°–∞–º —Å–æ–±—ñ –∫—Ä–∞—ó–Ω–∞,https://youtube.com/watch?v=5g4iJE6CWj8,190,156709,musicnn-training\data\audio\–°–∞–º —Å–æ–±—ñ –∫—Ä–∞—ó–Ω–∞.mp3
–†—É–∫–∏ –º–µ–¥—É–∑–∏,–°–∫—Ä—è–±—ñ–Ω,1763.0,9897.0,"['pop-rock', 'synthpop']","['pop', 'rock']",,audio\–†—É–∫–∏ –º–µ–¥—É–∑–∏.mp3,–†—É–∫–∏ –º–µ–¥—É–∑–∏,https://youtube.com/watch?v=7NLVhZ-6veE,275,139021,musicnn-training\data\audio\–†—É–∫–∏ –º–µ–¥—É–∑–∏.mp3
–ê —Ç–∏ –ø—Ä–æ—Å—Ç–æ –∫–æ—Ö–∞–π,–û–ª–µ–∫—Å–∞–Ω–¥—Ä –ü–æ–Ω–æ–º–∞—Ä—å–æ–≤,555.0,3109.0,['pop'],['pop'],,audio\–ê —Ç–∏ –ø—Ä–æ—Å—Ç–æ –∫–æ—Ö–∞–π #ponomarevlivestudio (—á–∞—Å—Ç–∏–Ω–∞ 14).mp3,–ê —Ç–∏ –ø—Ä–æ—Å—Ç–æ –∫–æ—Ö–∞–π #ponomarevlivestudio (—á–∞—Å—Ç–∏–Ω–∞ 14),https://youtube.com/watch?v=HLXD6hUCyvM,234,446490,musicnn-training\data\audio\–ê —Ç–∏ –ø—Ä–æ—Å—Ç–æ –∫–æ—Ö–∞–π #ponomarevlivestudio (—á–∞—Å—Ç–∏–Ω–∞ 14).mp3
–¢–∞–∫ —Å–ø—Ä–æ–∫–≤–æ–ª–∞ –Ω–∞–¥—Ö–æ–¥–∏—Ç—å,–ü–ª–∞—á –Ñ—Ä–µ–º—ñ—ó,435.0,1537.0,"['rock', 'ukrainian rock']",['rock'],,audio\–¢–∞—Ä–∞—Å –ß—É–±–∞–π - –¢–∞–∫ —Å–ø—Ä–æ–∫–≤–æ–ª–∞ –Ω–∞–¥—Ö–æ–¥–∏—Ç—å..(live).mp3,–¢–∞—Ä–∞—Å –ß—É–±–∞–π - –¢–∞–∫ —Å–ø—Ä–æ–∫–≤–æ–ª–∞ –Ω–∞–¥—Ö–æ–¥–∏—Ç—å..(live),https://youtube.com/watch?v=h1J3a69YVLQ,218,3987,musicnn-training\data\audio\–¢–∞—Ä–∞—Å –ß—É–±–∞–π - –¢–∞–∫ —Å–ø—Ä–æ–∫–≤–æ–ª–∞ –Ω–∞–¥—Ö–æ–¥–∏—Ç—å..(live).mp3
–ì–æ—Ä—ñ–ª–∞ —Å–æ—Å–Ω–∞,–í–æ–ø–ª—ñ –í—ñ–¥–æ–ø–ª—è—Å–æ–≤–∞,1943.0,6820.0,"['alternative', 'folk rock', 'rock', 'ukrainian rock']","['alternative', 'folk', 'rock']",180.0,audio\–í–æ–ø–ª—ñ –í—ñ–¥–æ–ø–ª—è—Å–æ–≤–∞ - –ì–æ—Ä—ñ–ª–∞ –°–æ—Å–Ω–∞.mp3,–í–æ–ø–ª—ñ –í—ñ–¥–æ–ø–ª—è—Å–æ–≤–∞ - –ì–æ—Ä—ñ–ª–∞ –°–æ—Å–Ω–∞,https://youtube.com/watch?v=9tQCdYpo7hg,181,905812,musicnn-training\data\audio\–í–æ–ø–ª—ñ –í—ñ–¥–æ–ø–ª—è—Å–æ–≤–∞ - –ì–æ—Ä—ñ–ª–∞ –°–æ—Å–Ω–∞.mp3
–î—ñ–≤–∞ –ú–∞—Ä—ñ—è,Dazzle Dreams,237.0,1339.0,"['ambient', 'electronic', 'electropop']","['electro', 'pop']",230.0,audio\Dazzle Dreams - –î—ñ–≤–∞ –ú–∞—Ä—ñ—è (Pop).mp4.mp3,Dazzle Dreams - –î—ñ–≤–∞ –ú–∞—Ä—ñ—è (Pop).mp4,https://youtube.com/watch?v=xrrl1y1jV6k,239,4930,musicnn-training\data\audio\Dazzle Dreams - –î—ñ–≤–∞ –ú–∞—Ä—ñ—è (Pop).mp4.mp3
–¢—Ä–∏–ª–ª–µ—Ä,–ù—É–º–µ—Ä 482,1639.0,11426.0,"['alternative', 'rock']","['alternative', 'rock']",,audio\–ù—É–º–µ—Ä 482 / –¢—Ä–∏–ª–µ—Ä (HD).mp3,–ù—É–º–µ—Ä 482 / –¢—Ä–∏–ª–µ—Ä (HD),https://youtube.com/watch?v=egJAhmQM4pI,199,131936,
–°–∞–º–æ–ª—å–æ—Ç—ñ–∫,–ë—É–º–±–æ–∫—Å,2602.0,15546.0,"['funk', 'reggae']","['funk', 'reggae']",276.0,audio\–°–∞–º–æ–ª—å–æ—Ç—ñ–∫.mp3,–°–∞–º–æ–ª—å–æ—Ç—ñ–∫,https://youtube.com/watch?v=bQnhqQ0lsrs,276,169034,musicnn-training\data\audio\–°–∞–º–æ–ª—å–æ—Ç—ñ–∫.mp3
–°–∫–∞–∂–∏ —â–æ—Å—å –ø–æ–≥–∞–Ω–µ,–°–∫–∞–∂–∏ —â–æ—Å—å –ø–æ–≥–∞–Ω–µ,919.0,5670.0,"['indie pop', 'psychedelic rock']","['indie', 'pop', 'rock']",143.0,audio\–°–∫–∞–∂–∏ —â–æ—Å—å –ø–æ–≥–∞–Ω–µ-–°–∫–∞–∂–∏ —â–æ—Å—å –ø–æ–≥–∞–Ω–µ.mp3,–°–∫–∞–∂–∏ —â–æ—Å—å –ø–æ–≥–∞–Ω–µ-–°–∫–∞–∂–∏ —â–æ—Å—å –ø–æ–≥–∞–Ω–µ,https://youtube.com/watch?v=31Jju-kGXMI,144,11674,musicnn-training\data\audio\–°–∫–∞–∂–∏ —â–æ—Å—å –ø–æ–≥–∞–Ω–µ-–°–∫–∞–∂–∏ —â–æ—Å—å –ø–æ–≥–∞–Ω–µ.mp3
Kupala,Go_A,43.0,65.0,"['electronic', 'folk', 'folktronica']","['electro', 'folk']",,audio\Go-A - –ö—É–ø–∞–ª–∞ (Kupala).mp3,Go-A - –ö—É–ø–∞–ª–∞ (Kupala),https://youtube.com/watch?v=Gn4LNIsMI8E,239,584381,musicnn-training\data\audio\Go-A - –ö—É–ø–∞–ª–∞ (Kupala).mp3
–Ü–Ω—Å–ø–µ–∫—Ç–æ—Ä –ß–∞—Å,–ê—Ä—Å–µ–Ω –ú—ñ—Ä–∑–æ—è–Ω,44.0,120.0,['rock'],['rock'],229.0,audio\–Ü–Ω—Å–ø–µ–∫—Ç–æ—Ä –ß–∞—Å.mp3,–Ü–Ω—Å–ø–µ–∫—Ç–æ—Ä –ß–∞—Å,https://youtube.com/watch?v=Pb35Z3IJ14I,230,428683,musicnn-training\data\audio\–Ü–Ω—Å–ø–µ–∫—Ç–æ—Ä –ß–∞—Å.mp3
–ë—É–ª—ñ–Ω–≥,alyona alyona,1124.0,3393.0,"['hip hop', 'hip-hop', 'rap']","['hip-hop', 'rap']",183.0,audio\alyona alyona - –ë—É–ªi–Ω–≥.mp3,alyona alyona - –ë—É–ªi–Ω–≥,https://youtube.com/watch?v=aqi0mQOOh50,182,1302176,musicnn-training\data\audio\alyona alyona - –ë—É–ªi–Ω–≥.mp3
–ü–∞—á–∫–∞ —Ü–∏–≥–∞—Ä–æ–∫,–í–æ–ø–ª—ñ –í—ñ–¥–æ–ø–ª—è—Å–æ–≤–∞,3003.0,12782.0,"['folk rock', 'rock']","['folk', 'rock']",340.0,audio\–ü–∞—á–∫–∞ —Ü–∏–≥–∞—Ä–æ–∫.mp3,–ü–∞—á–∫–∞ —Ü–∏–≥–∞—Ä–æ–∫,https://youtube.com/watch?v=ajyiurM2Kug,340,418314,musicnn-training\data\audio\–ü–∞—á–∫–∞ —Ü–∏–≥–∞—Ä–æ–∫.mp3
–ú–∞–º–∏–Ω —Å—É–ø,alyona alyona,2016.0,7256.0,"['hip hop', 'hip-hop', 'rap']","['hip-hop', 'rap']",183.0,audio\alyona alyona - –ú–∞–º–∏–Ω —Å—É–ø.mp3,alyona alyona - –ú–∞–º–∏–Ω —Å—É–ø,https://youtube.com/watch?v=PUG1IiiCZx4,654,692249,musicnn-training\data\audio\alyona alyona - –ú–∞–º–∏–Ω —Å—É–ø.mp3
–õ—é–¥–∏,–ë—É–º–±–æ–∫—Å,7238.0,46973.0,"['funk', 'hip-hop', 'reggae']","['funk', 'hip-hop', 'reggae']",293.0,audio\–ë—É–º–±–æ–∫—Å - –õ—é–¥–∏.mp3,–ë—É–º–±–æ–∫—Å - –õ—é–¥–∏,https://youtube.com/watch?v=AVu5wl8U_a4,294,44497666,musicnn-training\data\audio\–ë—É–º–±–æ–∫—Å - –õ—é–¥–∏.mp3
–ê–ª–∫–æ—Ö–æ–∫—É,–ú–µ—Ä—Ç–≤–∏–π –ü—ñ–≤–µ–Ω—å,497.0,2086.0,"['folk-rock', 'rock', 'ukrainian rock']","['folk', 'rock']",,audio\–ú–µ—Ä—Ç–≤–∏–π –ü—ñ–≤–µ–Ω—å - –ê–ª–∫–æ—Ö–æ–∫—É.mp3,–ú–µ—Ä—Ç–≤–∏–π –ü—ñ–≤–µ–Ω—å - –ê–ª–∫–æ—Ö–æ–∫—É,https://youtube.com/watch?v=_PDLajbOxq4,203,531,musicnn-training\data\audio\–ú–µ—Ä—Ç–≤–∏–π –ü—ñ–≤–µ–Ω—å - –ê–ª–∫–æ—Ö–æ–∫—É.mp3
–ù–µ —Ç—Ä–µ–±–∞,–°–∫—Ä—è–±—ñ–Ω,3644.0,25925.0,"['electronic', 'pop-rock', 'synthpop']","['electro', 'pop', 'rock']",229.0,audio\–°–∫—Ä—è–±i–Ω - –ù–µ —Ç—Ä–µ–±–∞ [Lyric Video].mp3,–°–∫—Ä—è–±i–Ω - –ù–µ —Ç—Ä–µ–±–∞ [Lyric Video],https://youtube.com/watch?v=wb3ttB6wqYA,236,106749,musicnn-training\data\audio\–°–∫—Ä—è–±i–Ω - –ù–µ —Ç—Ä–µ–±–∞ [Lyric Video].mp3
–ß–µ—Ä–≤–æ–Ω–∞ —Ä—É—Ç–∞,–ü–ª–∞—á –Ñ—Ä–µ–º—ñ—ó,513.0,2292.0,"['rock', 'ukrainian rock']",['rock'],,audio\–ü–ª–∞—á –Ñ—Ä–µ–º—ñ—ó (–¢–∞—Ä–∞—Å –ß—É–±–∞–π) - –ß–µ—Ä–≤–æ–Ω–∞ —Ä—É—Ç–∞ (Lyric Video).mp3,–ü–ª–∞—á –Ñ—Ä–µ–º—ñ—ó (–¢–∞—Ä–∞—Å –ß—É–±–∞–π) - –ß–µ—Ä–≤–æ–Ω–∞ —Ä—É—Ç–∞ (Lyric Video),https://youtube.com/watch?v=wLCoXsOr2jU,213,2199,musicnn-training\data\audio\–ü–ª–∞—á –Ñ—Ä–µ–º—ñ—ó (–¢–∞—Ä–∞—Å –ß—É–±–∞–π) - –ß–µ—Ä–≤–æ–Ω–∞ —Ä—É—Ç–∞ (Lyric Video).mp3
–°–∏–¥–∞—Ç–∏–≤–∏,–°–¢–†–£–ö–¢–£–†–ê –©–ê–°–¢–Ø,6542.0,59861.0,"['electronic', 'indie pop', 'indie rock']","['electro', 'indie', 'pop', 'rock']",140.0,audio\–°–¢–†–£–ö–¢–£–†–ê –©–ê–°–¢–Ø - –°–∏–¥–∞—Ç–∏–≤–∏.mp3,–°–¢–†–£–ö–¢–£–†–ê –©–ê–°–¢–Ø - –°–∏–¥–∞—Ç–∏–≤–∏,https://youtube.com/watch?v=cAzkDNrhkok,142,975840,musicnn-training\data\audio\–°–¢–†–£–ö–¢–£–†–ê –©–ê–°–¢–Ø - –°–∏–¥–∞—Ç–∏–≤–∏.mp3
–ê —Ç–µ–ø–µ—Ä —É—Å–µ —ñ–Ω–∞–∫—à–µ,O.Torvald,602.0,2855.0,"['alternative', 'alternative rock', 'pop punk', 'pop-punk']","['alternative', 'pop', 'punk', 'rock']",,audio\O.TORVALD - –ê —Ç–µ–ø–µ—Ä —É—Å–µ —ñ–Ω–∞–∫—à–µ [–ê–∫–≤–∞ –í—ñ—Ç–∞ cover].mp3,O.TORVALD - –ê —Ç–µ–ø–µ—Ä —É—Å–µ —ñ–Ω–∞–∫—à–µ [–ê–∫–≤–∞ –í—ñ—Ç–∞ cover],https://youtube.com/watch?v=oSBxIXG8xJQ,214,326629,musicnn-training\data\audio\O.TORVALD - –ê —Ç–µ–ø–µ—Ä —É—Å–µ —ñ–Ω–∞–∫—à–µ [–ê–∫–≤–∞ –í—ñ—Ç–∞ cover].mp3
dyvo,BLOOMS CORDA,321.0,955.0,"['funk', 'lounge', 'pop']","['funk', 'pop']",252.0,audio\Dyvo.mp3,Dyvo,https://youtube.com/watch?v=bbZzdp90sgI,252,17895,musicnn-training\data\audio\Dyvo.mp3
–∞—Å—Ñ–∞–ª—å—Ç–æ–≤–µ –ª—ñ—Ç–æ,BLOOMS CORDA,65.0,235.0,"['funk', 'lounge', 'pop']","['funk', 'pop']",,audio\Blooms Corda - –ê—Å—Ñ–∞–ª—å—Ç–æ–≤–µ –ª—ñ—Ç–æ (Live).mp3,Blooms Corda - –ê—Å—Ñ–∞–ª—å—Ç–æ–≤–µ –ª—ñ—Ç–æ (Live),https://youtube.com/watch?v=aAMwDU7Cc2g,276,13817,musicnn-training\data\audio\Blooms Corda - –ê—Å—Ñ–∞–ª—å—Ç–æ–≤–µ –ª—ñ—Ç–æ (Live).mp3
–û—Ç —ñ –≤—Å–µ,–û–¥–∏–Ω –í –ö–∞–Ω–æ–µ,4014.0,25346.0,"['folk', 'indie']","['folk', 'indie']",127.0,audio\–û–¥–∏–Ω –≤ –∫–∞–Ω–æ–µ - –û—Ç —ñ –≤—Å–µ.mp3,–û–¥–∏–Ω –≤ –∫–∞–Ω–æ–µ - –û—Ç —ñ –≤—Å–µ,https://youtube.com/watch?v=jUG4tONPI98,127,373298,musicnn-training\data\audio\–û–¥–∏–Ω –≤ –∫–∞–Ω–æ–µ - –û—Ç —ñ –≤—Å–µ.mp3
–ö–∏—Å–ª–æ—Ä–æ–¥,Artem Pivovarov,926.0,7641.0,"['folk', 'pop', 'ukrainian pop']","['folk', 'pop']",,audio\–ê—Ä—Ç–µ–º –ü–∏–≤–æ–≤–∞—Ä–æ–≤ - –ö–∏—Å–ª–æ—Ä–æ–¥ (Official Music Video).mp3,–ê—Ä—Ç–µ–º –ü–∏–≤–æ–≤–∞—Ä–æ–≤ - –ö–∏—Å–ª–æ—Ä–æ–¥ (Official Music Video),https://youtube.com/watch?v=iTYYloLTk4E,250,40430092,musicnn-training\data\audio\–ê—Ä—Ç–µ–º –ü–∏–≤–æ–≤–∞—Ä–æ–≤ - –ö–∏—Å–ª–æ—Ä–æ–¥ (Official Music Video).mp3
–Ñ—Ö–∏–¥–Ω–∞,–ü–ª–∞—á –Ñ—Ä–µ–º—ñ—ó,1312.0,6831.0,"['alternative rock', 'rock', 'ukrainian rock']","['alternative', 'rock']",,audio\–ü–ª–∞—á –Ñ—Ä–µ–º—ñ—ó - –Ñ—Ö–∏–¥–Ω–∞.mp3,–ü–ª–∞—á –Ñ—Ä–µ–º—ñ—ó - –Ñ—Ö–∏–¥–Ω–∞,https://youtube.com/watch?v=4fRoYqfMRkc,219,4522,musicnn-training\data\audio\–ü–ª–∞—á –Ñ—Ä–µ–º—ñ—ó - –Ñ—Ö–∏–¥–Ω–∞.mp3
–ö–æ–∫–æ —à–∞–Ω–µ–ª—å,–û–∫–µ–∞–Ω –ï–ª—å–∑–∏,22342.0,154417.0,"['rock', 'ukrainian rock']",['rock'],235.0,audio\–ö–æ–∫–æ —à–∞–Ω–µ–ª—å.mp3,–ö–æ–∫–æ —à–∞–Ω–µ–ª—å,https://youtube.com/watch?v=5ph9DB7cyDo,236,1571962,musicnn-training\data\audio\–ö–æ–∫–æ —à–∞–Ω–µ–ª—å.mp3
–õ–∏—Å—Ç–∏,–§–∞–∫—Ç–∏—á–Ω–æ –°–∞–º—ñ,982.0,4705.0,"['alternative', 'experimental', 'trip-hop']",['alternative'],221.0,audio\–§–∞–∫—Ç–∏—á–Ω–æ —Å–∞–º—ñ - –õ–∏—Å—Ç–∏.mp3,–§–∞–∫—Ç–∏—á–Ω–æ —Å–∞–º—ñ - –õ–∏—Å—Ç–∏,https://youtube.com/watch?v=6p7LA5GWTfY,222,3385,musicnn-training\data\audio\–§–∞–∫—Ç–∏—á–Ω–æ —Å–∞–º—ñ - –õ–∏—Å—Ç–∏.mp3
–¢–∞–ª—ñ—Å–º–∞–Ω,–ü—ñ–∫–∫–∞—Ä–¥—ñ–π—Å—å–∫–∞ –¢–µ—Ä—Ü—ñ—è,226.0,2893.0,['folk'],['folk'],,audio\–õ—é–±–æ–≤-—Ü–µ —Ç–∞–ª—ñ—Å–º–∞–Ω.mp3,–õ—é–±–æ–≤-—Ü–µ —Ç–∞–ª—ñ—Å–º–∞–Ω,https://youtube.com/watch?v=PyCIZuNK4V4,305,20532,musicnn-training\data\audio\–õ—é–±–æ–≤-—Ü–µ —Ç–∞–ª—ñ—Å–º–∞–Ω.mp3
–Ü–Ω–¥—ñ-–∞—Ä—Ç–∏—Å—Ç,–Ü–≥–æ—Ä –ö–∞–π–¥–∞—à,801.0,3084.0,"['indie pop', 'indie rock', 'lo-fi']","['indie', 'lo-fi', 'pop', 'rock']",126.0,audio\–Ü–≥–æ—Ä –ö–∞–π–¥–∞—à ‚Äî –Ü–Ω–¥—ñ-–∞—Ä—Ç–∏—Å—Ç.mp3,–Ü–≥–æ—Ä –ö–∞–π–¥–∞—à ‚Äî –Ü–Ω–¥—ñ-–∞—Ä—Ç–∏—Å—Ç,https://youtube.com/watch?v=vt1-RyPVptw,139,5093,musicnn-training\data\audio\–Ü–≥–æ—Ä –ö–∞–π–¥–∞—à ‚Äî –Ü–Ω–¥—ñ-–∞—Ä—Ç–∏—Å—Ç.mp3
–ü–µ—Ç—Ä–æ-–Ü–≤–∞–Ω–µ,–ö–∞—Ç—è Chilly,178.0,487.0,"['electronic', 'ethnic', 'synthpop']","['electro', 'pop']",,"audio\–û–π, –ø–µ—Ç—Ä–æ —ñ–≤–∞–Ω–µ.mp3","–û–π, –ø–µ—Ç—Ä–æ —ñ–≤–∞–Ω–µ",https://youtube.com/watch?v=Xu5MUnuWs0A,214,1043,"musicnn-training\data\audio\–û–π, –ø–µ—Ç—Ä–æ —ñ–≤–∞–Ω–µ.mp3"
–Ø–Ω–≥–æ–ª–µ,–û–¥–∏–Ω –í –ö–∞–Ω–æ–µ,4318.0,26301.0,"['folk', 'indie']","['folk', 'indie']",174.0,audio\–û–¥–∏–Ω –≤ –∫–∞–Ω–æ–µ - –Ø–Ω–≥–æ–ª–µ.mp3,–û–¥–∏–Ω –≤ –∫–∞–Ω–æ–µ - –Ø–Ω–≥–æ–ª–µ,https://youtube.com/watch?v=XRtD3_CgLVo,180,606348,musicnn-training\data\audio\–û–¥–∏–Ω –≤ –∫–∞–Ω–æ–µ - –Ø–Ω–≥–æ–ª–µ.mp3
–∫–∏—ó–≤ –≤–¥–µ–Ω—å —ñ –≤–Ω–æ—á—ñ,O.Torvald,643.0,3201.0,"['alternative', 'alternative rock', 'pop punk', 'pop-punk']","['alternative', 'pop', 'punk', 'rock']",,audio\–ö–∏—ó–≤ –≤–¥–µ–Ω—å —ñ –≤–Ω–æ—á—ñ.mp3,–ö–∏—ó–≤ –≤–¥–µ–Ω—å —ñ –≤–Ω–æ—á—ñ,https://youtube.com/watch?v=iG2OqLLAR6k,251,699519,musicnn-training\data\audio\–ö–∏—ó–≤ –≤–¥–µ–Ω—å —ñ –≤–Ω–æ—á—ñ.mp3
–°–æ–Ω—Ü–µ —Å—ñ–¥–∞—î,–û–∫–µ–∞–Ω –ï–ª—å–∑–∏,11651.0,53887.0,"['rock', 'ukrainian rock']",['rock'],190.0,audio\–°–æ–Ω—Ü–µ —Å—ñ–¥–∞—î.mp3,–°–æ–Ω—Ü–µ —Å—ñ–¥–∞—î,https://youtube.com/watch?v=uDfmpflXdRo,191,183166,musicnn-training\data\audio\–°–æ–Ω—Ü–µ —Å—ñ–¥–∞—î.mp3
–ë—É–≤–∞–π,The Hardkiss,1313.0,6090.0,"['alternative rock', 'electronic']","['alternative', 'electro', 'rock']",90.0,audio\THE HARDKISS - –ë—É–≤–∞–∏ÃÜ (official audio).mp3,THE HARDKISS - –ë—É–≤–∞–∏ÃÜ (official audio),https://youtube.com/watch?v=D4qfiW_yJL8,90,103495,musicnn-training\data\audio\THE HARDKISS - –ë—É–≤–∞–∏ÃÜ (official audio).mp3
–î–æ –±–µ—Ä–µ–≥–∞ –π–¥—É,KALUSH,708.0,3355.0,"['hip-hop', 'rap']","['hip-hop', 'rap']",177.0,audio\KALUSH - –î–æ –±–µ—Ä–µ–≥–∞ –π–¥—É.mp3,KALUSH - –î–æ –±–µ—Ä–µ–≥–∞ –π–¥—É,https://youtube.com/watch?v=TCrtZ5Y5ibs,179,700984,musicnn-training\data\audio\KALUSH - –î–æ –±–µ—Ä–µ–≥–∞ –π–¥—É.mp3
"–ì–∞–ª—é, –ø—Ä–∏—Ö–æ–¥—å",–í–æ–ø–ª—ñ –í—ñ–¥–æ–ø–ª—è—Å–æ–≤–∞,1180.0,3847.0,"['alternative', 'folk rock', 'rock', 'ukrainian rock']","['alternative', 'folk', 'rock']",140.0,audio\–ì–∞–ª—é –ø—Ä–∏—Ö–æ–¥—å - –í–æ–ø–ª—ñ –í—ñ–¥–æ–ø–ª—è—Å–æ–≤–∞. 30 —Ä–æ–∫—ñ–≤.mp3,–ì–∞–ª—é –ø—Ä–∏—Ö–æ–¥—å - –í–æ–ø–ª—ñ –í—ñ–¥–æ–ø–ª—è—Å–æ–≤–∞. 30 —Ä–æ–∫—ñ–≤,https://youtube.com/watch?v=n7ySBZeVUqs,230,63518,musicnn-training\data\audio\–ì–∞–ª—é –ø—Ä–∏—Ö–æ–¥—å - –í–æ–ø–ª—ñ –í—ñ–¥–æ–ø–ª—è—Å–æ–≤–∞. 30 —Ä–æ–∫—ñ–≤.mp3
–í—Å—É–ø–µ—Ä–µ—á,Sad Novelist,764.0,3322.0,['post-punk'],['punk'],228.0,audio\–í—Å—É–ø–µ—Ä–µ—á.mp3,–í—Å—É–ø–µ—Ä–µ—á,https://youtube.com/watch?v=ubPd_D6MYLg,228,31836,musicnn-training\data\audio\–í—Å—É–ø–µ—Ä–µ—á.mp3
–ö–æ—Ä–æ–ª–µ–≤–∞ –¥–µ,–ü–ª–∞—á –Ñ—Ä–µ–º—ñ—ó,274.0,1110.0,"['rock', 'ukrainian rock']",['rock'],,audio\–ü–ª–∞—á –Ñ—Ä–µ–º—ñ—ó - –ö–æ—Ä–æ–ª–µ–≤–∞ –î–µ.mp3,–ü–ª–∞—á –Ñ—Ä–µ–º—ñ—ó - –ö–æ—Ä–æ–ª–µ–≤–∞ –î–µ,https://youtube.com/watch?v=-ill3Ylqy1c,315,434,musicnn-training\data\audio\–ü–ª–∞—á –Ñ—Ä–µ–º—ñ—ó - –ö–æ—Ä–æ–ª–µ–≤–∞ –î–µ.mp3
–ü–æ—Ü—ñ–ª—É–π,–¢–∞—Ä—Ç–∞–∫,635.0,3373.0,"['alternative', 'hip-hop', 'rapcore', 'rock']","['alternative', 'hip-hop', 'rap', 'rock']",199.0,audio\–¢–∞—Ä—Ç–∞–∫ - –ü–æ—Ü—ñ–ª—É–π.mp3,–¢–∞—Ä—Ç–∞–∫ - –ü–æ—Ü—ñ–ª—É–π,https://youtube.com/watch?v=qYMcdLs5DHI,198,20,musicnn-training\data\audio\–¢–∞—Ä—Ç–∞–∫ - –ü–æ—Ü—ñ–ª—É–π.mp3
–ú–∞—à–∏–Ω–∞,–í–æ–ø–ª—ñ –í—ñ–¥–æ–ø–ª—è—Å–æ–≤–∞,1727.0,6504.0,"['folk rock', 'rock']","['folk', 'rock']",136.0,audio\–ú–∞—à–∏–Ω–∞.mp3,–ú–∞—à–∏–Ω–∞,https://youtube.com/watch?v=A_1vZH4z3rQ,136,48922,musicnn-training\data\audio\–ú–∞—à–∏–Ω–∞.mp3
In The Shadows of Ukraine,Kalush Orchestra,5.0,9.0,['rap'],['rap'],,audio\Kalush Orchestra & The Rasmus - In The Shadows of Ukraine.mp3,Kalush Orchestra & The Rasmus - In The Shadows of Ukraine,https://youtube.com/watch?v=R0ebIzABQm0,182,10108358,musicnn-training\data\audio\Kalush Orchestra & The Rasmus - In The Shadows of Ukraine.mp3
–¢–≤—ñ–π –Ω–∞ 100%,–ë—É–º–±–æ–∫—Å,2974.0,17684.0,"['funk', 'reggae', 'rock']","['funk', 'reggae', 'rock']",285.0,audio\–ë—É–º–±–æ–∫—Å - –¢–≤i–π –Ω–∞ 100%.mp3,–ë—É–º–±–æ–∫—Å - –¢–≤i–π –Ω–∞ 100%,https://youtube.com/watch?v=Ws-hd5C5STg,284,4595407,musicnn-training\data\audio\–ë—É–º–±–æ–∫—Å - –¢–≤i–π –Ω–∞ 100%.mp3
–ó—Ä–∞–¥–∞,dity inzheneriv,1073.0,7618.0,"['alternative', 'alternative rock', 'post-punk']","['alternative', 'punk', 'rock']",,audio\–ó—Ä–∞–¥–∞.mp3,–ó—Ä–∞–¥–∞,https://youtube.com/watch?v=rMkE5dIKaAo,184,608614,musicnn-training\data\audio\–ó—Ä–∞–¥–∞.mp3
–ù–∞—Ä–æ–¥–∏–≤—Å—è –ë–æ–≥ –Ω–∞ —Å–∞–Ω—è—Ö,Khrystyna Soloviy,264.0,535.0,"['folk pop', 'pop']","['folk', 'pop']",,audio\–•—Ä–∏—Å—Ç–∏–Ω–∞ –°–æ–ª–æ–≤—ñ–π ‚Äî –ù–∞—Ä–æ–¥–∏–≤—Å—è –ë–æ–≥ –Ω–∞ —Å–∞–Ω—è—Ö (live –Ω–∞ –ì—Ä–æ–º–∞–¥—Å—å–∫–µ –ö—É–ª—å—Ç—É—Ä–∞).mp3,–•—Ä–∏—Å—Ç–∏–Ω–∞ –°–æ–ª–æ–≤—ñ–π ‚Äî –ù–∞—Ä–æ–¥–∏–≤—Å—è –ë–æ–≥ –Ω–∞ —Å–∞–Ω—è—Ö (live –Ω–∞ –ì—Ä–æ–º–∞–¥—Å—å–∫–µ –ö—É–ª—å—Ç—É—Ä–∞),https://youtube.com/watch?v=rW7pRVR5cYs,186,513804,musicnn-training\data\audio\–•—Ä–∏—Å—Ç–∏–Ω–∞ –°–æ–ª–æ–≤—ñ–π ‚Äî –ù–∞—Ä–æ–¥–∏–≤—Å—è –ë–æ–≥ –Ω–∞ —Å–∞–Ω—è—Ö (live –Ω–∞ –ì—Ä–æ–º–∞–¥—Å—å–∫–µ –ö—É–ª—å—Ç—É—Ä–∞).mp3
–¢—ñ–ª—å–∫–∏ —Ç–∞–º,The Hardkiss,1175.0,9888.0,"['alternative rock', 'electronic']","['alternative', 'electro', 'rock']",224.0,audio\THE HARDKISS - –¢—ñ–ª—å–∫–∏ —Ç–∞–º (official video).mp3,THE HARDKISS - –¢—ñ–ª—å–∫–∏ —Ç–∞–º (official video),https://youtube.com/watch?v=yUb5N8mP1E4,227,1750219,musicnn-training\data\audio\THE HARDKISS - –¢—ñ–ª—å–∫–∏ —Ç–∞–º (official video).mp3
–ü–æ—Ä—É—á - Bystrov Remix,Kazka,145.0,341.0,"['indie pop', 'pop']","['indie', 'pop']",,audio\KAZKA x ALEKSEEV - –ü–æ—Ä—É—á [Bystrov Remix].mp3,KAZKA x ALEKSEEV - –ü–æ—Ä—É—á [Bystrov Remix],https://youtube.com/watch?v=N2bPPaIOrN0,207,45464,musicnn-training\data\audio\KAZKA x ALEKSEEV - –ü–æ—Ä—É—á [Bystrov Remix].mp3
–õ—å–æ—Ç—á–∏–∫,–ü–µ—Ä–∫–∞–ª–∞–±–∞,1479.0,6347.0,"['folk', 'ska']","['folk', 'ska']",248.0,audio\–ü–µ—Ä–∫–∞–ª–∞–±–∞ - –õ—å–æ—Ç—á–∏–∫ / Perkalaba - The Pilot.mp3,–ü–µ—Ä–∫–∞–ª–∞–±–∞ - –õ—å–æ—Ç—á–∏–∫ / Perkalaba - The Pilot,https://youtube.com/watch?v=JdQ7PwsVlfM,258,196618,
–í–µ—Å–Ω–∞,–í–æ–ø–ª—ñ –í—ñ–¥–æ–ø–ª—è—Å–æ–≤–∞,19314.0,104565.0,"['alternative', 'folk rock', 'rock']","['alternative', 'folk', 'rock']",346.0,audio\–í–æ–ø–ª—ñ –í—ñ–¥–æ–ø–ª—è—Å–æ–≤–∞ - –í–ï–°–ù–ê.mp3,–í–æ–ø–ª—ñ –í—ñ–¥–æ–ø–ª—è—Å–æ–≤–∞ - –í–ï–°–ù–ê,https://youtube.com/watch?v=X0DGNu6L0-8,220,12214333,musicnn-training\data\audio\–í–æ–ø–ª—ñ –í—ñ–¥–æ–ø–ª—è—Å–æ–≤–∞ - –í–ï–°–ù–ê.mp3
–ë–æ–¥–µ–≥—ñ—Ç–∞,–û–∫–µ–∞–Ω –ï–ª—å–∑–∏,11025.0,60034.0,"['pop-rock', 'rock', 'ukrainian rock']","['pop', 'rock']",245.0,audio\–ë–æ–¥–µ–≥—ñ—Ç–∞.mp3,–ë–æ–¥–µ–≥—ñ—Ç–∞,https://youtube.com/watch?v=zLgy7xi9K4M,245,247043,musicnn-training\data\audio\–ë–æ–¥–µ–≥—ñ—Ç–∞.mp3
–û–º–∞–Ω–∞,–¢–∞—Ä—Ç–∞–∫,7791.0,29206.0,"['alternative', 'hip hop', 'rapcore', 'rock']","['alternative', 'hip-hop', 'rap', 'rock']",222.0,audio\–¢–∞—Ä—Ç–∞–∫ ‚Äî –û–º–∞–Ω–∞.mp3,–¢–∞—Ä—Ç–∞–∫ ‚Äî –û–º–∞–Ω–∞,https://youtube.com/watch?v=2Mvc7tnvfmw,220,100164,musicnn-training\data\audio\–¢–∞—Ä—Ç–∞–∫ ‚Äî –û–º–∞–Ω–∞.mp3
–õ–∏—à–∞—î—Ç—å—Å—è –Ω–∞–¥i—è,–ú–∞—Ä—ñ—è –ë—É—Ä–º–∞–∫–∞,92.0,357.0,"['pop', 'pop-rock']","['pop', 'rock']",,audio\–õ–∏—à–∞—î—Ç—å—Å—è –Ω–∞–¥i—è.mp3,–õ–∏—à–∞—î—Ç—å—Å—è –Ω–∞–¥i—è,https://youtube.com/watch?v=9-4KoaF5Cvw,270,3768,musicnn-training\data\audio\–õ–∏—à–∞—î—Ç—å—Å—è –Ω–∞–¥i—è.mp3
Faine avto-party,–ù—É–º–µ—Ä 482,93.0,200.0,"['alternative', 'rock']","['alternative', 'rock']",175.0,audio\Faine avto-party.mp3,Faine avto-party,https://youtube.com/watch?v=ce7mN0Scpfo,175,10357,musicnn-training\data\audio\Faine avto-party.mp3
–ë—É—Ç–∏ –º–∞–ª–µ–Ω—å–∫–∏–º,–°–∫—Ä—è–±—ñ–Ω,1853.0,8514.0,"['electronic', 'pop-rock', 'synthpop']","['electro', 'pop', 'rock']",292.0,"audio\–°–∫—Ä—è–±—ñ–Ω.–ü—ñ—Å–Ω—è""–ë—É—Ç–∏ –º–∞–ª–µ–Ω—å–∫–∏–º"".mp3","–°–∫—Ä—è–±—ñ–Ω.–ü—ñ—Å–Ω—è""–ë—É—Ç–∏ –º–∞–ª–µ–Ω—å–∫–∏–º""",https://youtube.com/watch?v=H4-1R78N40k,292,65251,
–ú–∞–ª–∞–Ω–∫–∞,Khrystyna Soloviy,203.0,517.0,"['folk pop', 'pop']","['folk', 'pop']",,audio\–•—Ä–∏—Å—Ç–∏–Ω–∞ –°–æ–ª–æ–≤—ñ–π ‚Äî –ú–∞–ª–∞–Ω–∫–∞ (official audio).mp3,–•—Ä–∏—Å—Ç–∏–Ω–∞ –°–æ–ª–æ–≤—ñ–π ‚Äî –ú–∞–ª–∞–Ω–∫–∞ (official audio),https://youtube.com/watch?v=nFe9ToC28d0,122,50208,musicnn-training\data\audio\–•—Ä–∏—Å—Ç–∏–Ω–∞ –°–æ–ª–æ–≤—ñ–π ‚Äî –ú–∞–ª–∞–Ω–∫–∞ (official audio).mp3
–ù–µ–∑–Ω–∞–π–æ–º—Ü—ñ,–ê—Ä—Å–µ–Ω –ú—ñ—Ä–∑–æ—è–Ω,150.0,1726.0,['rock'],['rock'],188.0,audio\–ê—Ä—Å–µ–Ω –ú—ñ—Ä–∑–æ—è–Ω - –ù–µ–∑–Ω–∞–π–æ–º—Ü—ñ.mp3,–ê—Ä—Å–µ–Ω –ú—ñ—Ä–∑–æ—è–Ω - –ù–µ–∑–Ω–∞–π–æ–º—Ü—ñ,https://youtube.com/watch?v=6z_CeYFXE2c,199,1375673,musicnn-training\data\audio\–ê—Ä—Å–µ–Ω –ú—ñ—Ä–∑–æ—è–Ω - –ù–µ–∑–Ω–∞–π–æ–º—Ü—ñ.mp3
–ù–µ –ø–æ –ø—É—Ç–∏,Mad Heads XL,159.0,1027.0,"['ethnic', 'reggae', 'rock', 'ska']","['reggae', 'rock', 'ska']",,audio\Mad Heads - –ù–µ –ø–æ –ø—É—Ç–∏ (official music video).mp3,Mad Heads - –ù–µ –ø–æ –ø—É—Ç–∏ (official music video),https://youtube.com/watch?v=1Osr4vUCrMg,193,14504,musicnn-training\data\audio\Mad Heads - –ù–µ –ø–æ –ø—É—Ç–∏ (official music video).mp3
–ù–∞—Å –¥–≤–æ—î,O.Torvald,2727.0,16403.0,"['alternative rock', 'pop-punk']","['alternative', 'pop', 'punk', 'rock']",220.0,audio\O.Torvald - –ù–∞—Å –¥–≤–æ—î.mp3,O.Torvald - –ù–∞—Å –¥–≤–æ—î,https://youtube.com/watch?v=VxS1Gs6nXuo,225,9226,musicnn-training\data\audio\O.Torvald - –ù–∞—Å –¥–≤–æ—î.mp3
"–û–π, –ª–∏—Ö–æ",–ë—Ä–∞—Ç–∏ –ì–∞–¥—é–∫—ñ–Ω–∏,1514.0,8419.0,"['reggae', 'rock', 'rock and roll']","['reggae', 'rock']",369.0,audio\–ë—Ä–∞—Ç–∏ –ì–∞–¥—é–∫—ñ–Ω–∏  - –û–π –ª–∏—Ö–æ! (Chervona Ruta Festival 1989).mp3,–ë—Ä–∞—Ç–∏ –ì–∞–¥—é–∫—ñ–Ω–∏  - –û–π –ª–∏—Ö–æ! (Chervona Ruta Festival 1989),https://youtube.com/watch?v=KLXK0U5LHjQ,380,238220,musicnn-training\data\audio\–ë—Ä–∞—Ç–∏ –ì–∞–¥—é–∫—ñ–Ω–∏  - –û–π –ª–∏—Ö–æ! (Chervona Ruta Festival 1989).mp3
–ü'—é –∑ —Ç–≤–æ—ó—Ö –¥–æ–ª–æ–Ω—å,–î—Ä—É–≥–∞ –†—ñ–∫–∞,5509.0,27927.0,"['pop-rock', 'rock']","['pop', 'rock']",254.0,audio\–î—Ä—É–≥–∞ –†—ñ–∫–∞ - –ü'—é –∑ —Ç–≤–æ—ó—Ö –¥–æ–ª–æ–Ω—å.mp3,–î—Ä—É–≥–∞ –†—ñ–∫–∞ - –ü'—é –∑ —Ç–≤–æ—ó—Ö –¥–æ–ª–æ–Ω—å,https://youtube.com/watch?v=Gl3x9ME0HcY,221,1610820,musicnn-training\data\audio\–î—Ä—É–≥–∞ –†—ñ–∫–∞ - –ü'—é –∑ —Ç–≤–æ—ó—Ö –¥–æ–ª–æ–Ω—å.mp3
"–¢–∞–º, –∫—É–¥–∏ —è –π–¥—É",–ì—É—Ä—Ç [–û],3908.0,26527.0,"['electropop', 'pop']","['electro', 'pop']",,"audio\–≥—É—Ä—Ç [O] - –¢–∞–º, –ö—É–¥–∏ –Ø –ô–¥—É (Official Video) EUROVISION 2020.mp3","–≥—É—Ä—Ç [O] - –¢–∞–º, –ö—É–¥–∏ –Ø –ô–¥—É (Official Video) EUROVISION 2020",https://youtube.com/watch?v=0djcq-DAAdg,200,197449,"musicnn-training\data\audio\–≥—É—Ä—Ç [O] - –¢–∞–º, –ö—É–¥–∏ –Ø –ô–¥—É (Official Video) EUROVISION 2020.mp3"
–ù–∞–¥—ñ–π–Ω–∏–π,–°–¢–†–£–ö–¢–£–†–ê –©–ê–°–¢–Ø,233.0,1658.0,"['electronic', 'hyperpop', 'indie pop', 'pop punk']","['electro', 'indie', 'pop', 'punk']",136.0,audio\–ù–∞–¥—ñ–π–Ω–∏–π.mp3,–ù–∞–¥—ñ–π–Ω–∏–π,https://youtube.com/watch?v=0xMK54LUusc,136,21002,musicnn-training\data\audio\–ù–∞–¥—ñ–π–Ω–∏–π.mp3
–ö–∏—Å–ª–æ—Ä–æ–¥ - Slowed Version,Artem Pivovarov,100.0,583.0,"['folk', 'pop', 'ukrainian pop']","['folk', 'pop']",,audio\–ê—Ä—Ç—ë–º –ü–∏–≤–æ–≤–∞—Ä–æ–≤ - –ö–∏—Å–ª–æ—Ä–æ–¥ (Slowed Version) [mood video].mp3,–ê—Ä—Ç—ë–º –ü–∏–≤–æ–≤–∞—Ä–æ–≤ - –ö–∏—Å–ª–æ—Ä–æ–¥ (Slowed Version) [mood video],https://youtube.com/watch?v=RQNMHX0NfBg,163,780601,musicnn-training\data\audio\–ê—Ä—Ç—ë–º –ü–∏–≤–æ–≤–∞—Ä–æ–≤ - –ö–∏—Å–ª–æ—Ä–æ–¥ (Slowed Version) [mood video].mp3
–ó–µ–º–ª–µ –º–æ—è –º–∏–ª–∞,–û–±—ñ–π–º–∏ –î–æ—â—É,432.0,3619.0,"['depressive rock', 'melancholic rock', 'progressive metal', 'progressive rock']","['metal', 'rock']",306.0,audio\–û–±—ñ–π–º–∏ –î–æ—â—É - –ó–µ–º–ª–µ –º–æ—è –º–∏–ª–∞ (2014).mp3,–û–±—ñ–π–º–∏ –î–æ—â—É - –ó–µ–º–ª–µ –º–æ—è –º–∏–ª–∞ (2014),https://youtube.com/watch?v=fiyBQ0ft250,325,22897,musicnn-training\data\audio\–û–±—ñ–π–º–∏ –î–æ—â—É - –ó–µ–º–ª–µ –º–æ—è –º–∏–ª–∞ (2014).mp3
–ù–µ –º–∞—Ä–∏–Ω—É–π,KALUSH,2044.0,11562.0,"['hip-hop', 'rap']","['hip-hop', 'rap']",204.0,audio\KALUSH - –ù–µ –º–∞—Ä–∏–Ω—É–π.mp3,KALUSH - –ù–µ –º–∞—Ä–∏–Ω—É–π,https://youtube.com/watch?v=AqG2pkbRgr8,213,3148284,musicnn-training\data\audio\KALUSH - –ù–µ –º–∞—Ä–∏–Ω—É–π.mp3
–†–æ–∑–ª—é–±–∏,–ú–∞—Ä—ñ—è –ë—É—Ä–º–∞–∫–∞,643.0,2694.0,"['pop', 'pop-rock']","['pop', 'rock']",,audio\–ú–∞—Ä—ñ—è –ë—É—Ä–º–∞–∫–∞ –†–æ–∑–ª—é–±–∏ –º–µ–Ω–µ.mp3,–ú–∞—Ä—ñ—è –ë—É—Ä–º–∞–∫–∞ –†–æ–∑–ª—é–±–∏ –º–µ–Ω–µ,https://youtube.com/watch?v=3jVxTmX1POE,212,16568,musicnn-training\data\audio\–ú–∞—Ä—ñ—è –ë—É—Ä–º–∞–∫–∞ –†–æ–∑–ª—é–±–∏ –º–µ–Ω–µ.mp3
–ö—ñ–Ω–µ—Ü—å —Å–≤—ñ—Ç—É,–î—Ä—É–≥–∞ –†—ñ–∫–∞,2782.0,14699.0,"['alternative rock', 'pop-rock', 'rock', 'ukrainian rock']","['alternative', 'pop', 'rock']",240.0,audio\–î—Ä—É–≥–∞ –†—ñ–∫–∞ - –ö—ñ–Ω–µ—Ü—å —Å–≤—ñ—Ç—É.mp3,–î—Ä—É–≥–∞ –†—ñ–∫–∞ - –ö—ñ–Ω–µ—Ü—å —Å–≤—ñ—Ç—É,https://youtube.com/watch?v=cf2hrVmN6ts,218,35002,musicnn-training\data\audio\–î—Ä—É–≥–∞ –†—ñ–∫–∞ - –ö—ñ–Ω–µ—Ü—å —Å–≤—ñ—Ç—É.mp3
–ü–∞—Ä–∞—Å–æ–ª—ñ,–°–∫—Ä—è–±—ñ–Ω,3047.0,12637.0,"['electronic', 'pop-rock', 'synthpop']","['electro', 'pop', 'rock']",237.0,audio\–°–∫—Ä—è–±—ñ–Ω - –ü–∞—Ä–∞—Å–æ–ª—ñ | –ü—Ä–æ –ª—é–±–æ–≤? 2007 —Ä—ñ–∫.mp3,–°–∫—Ä—è–±—ñ–Ω - –ü–∞—Ä–∞—Å–æ–ª—ñ | –ü—Ä–æ –ª—é–±–æ–≤? 2007 —Ä—ñ–∫,https://youtube.com/watch?v=EC4IF3I4TsU,238,15199,
Waltz,–ü–µ—Ä–∫–∞–ª–∞–±–∞,862.0,3039.0,"['ethno-ska', 'folk', 'folk-punk', 'ska']","['folk', 'punk', 'ska']",260.0,audio\Persovka Waltz.mp3,Persovka Waltz,https://youtube.com/watch?v=9Z2eM1o0qcE,112,380,musicnn-training\data\audio\Persovka Waltz.mp3
Solovey,Go_A,39876.0,390694.0,"['folk', 'folktronica']",['folk'],176.0,audio\Go_A - Solovey - Ukraine üá∫üá¶ - Official Video - Eurovision 2020.mp3,Go_A - Solovey - Ukraine üá∫üá¶ - Official Video - Eurovision 2020,https://youtube.com/watch?v=zNetXPSld50,181,8406703,musicnn-training\data\audio\Go_A - Solovey - Ukraine üá∫üá¶ - Official Video - Eurovision 2020.mp3
Forever More,The Hardkiss,2694.0,17813.0,"['alternative rock', 'electronic']","['alternative', 'electro', 'rock']",227.0,audio\THE HARDKISS - Forever More (official audio).mp3,THE HARDKISS - Forever More (official audio),https://youtube.com/watch?v=GNpeQQdmSOM,228,1039504,musicnn-training\data\audio\THE HARDKISS - Forever More (official audio).mp3
–í—ñ—Ä–Ω–æ –ª—é–±–∏–ª–∞,Mad Heads XL,405.0,1960.0,"['ethnic', 'reggae', 'rock', 'ska']","['reggae', 'rock', 'ska']",241.0,audio\–í—ñ—Ä–Ω–æ –ª—é–±–∏–ª–∞.mp3,–í—ñ—Ä–Ω–æ –ª—é–±–∏–ª–∞,https://youtube.com/watch?v=UmYh5RUHx-A,241,17122,musicnn-training\data\audio\–í—ñ—Ä–Ω–æ –ª—é–±–∏–ª–∞.mp3
–æ–¥–∏–Ω —Ç–∏,renie cares,2.0,2.0,"['electropop', 'indie pop', 'indie rock']","['electro', 'indie', 'pop', 'rock']",,audio\Renie Cares - –û–¥–∏–Ω —Ç–∏.mp3,Renie Cares - –û–¥–∏–Ω —Ç–∏,https://youtube.com/watch?v=2u8CADODwqA,180,8134,musicnn-training\data\audio\Renie Cares - –û–¥–∏–Ω —Ç–∏.mp3
–ú–æ–ª–æ–¥—ñ—Å—Ç—å,TVORCHI,436.0,1686.0,"['electronic', 'pop']","['electro', 'pop']",188.0,audio\TVORCHI - –ú–æ–ª–æ–¥—ñ—Å—Ç—å (Official Video).mp3,TVORCHI - –ú–æ–ª–æ–¥—ñ—Å—Ç—å (Official Video),https://youtube.com/watch?v=NmrIqSGT0ro,180,501285,musicnn-training\data\audio\TVORCHI - –ú–æ–ª–æ–¥—ñ—Å—Ç—å (Official Video).mp3
–Ü—Å–∫—Ä–∞,Vivienne Mort,418.0,2392.0,"['alternative rock', 'experimental']","['alternative', 'rock']",,audio\–Ü—Å–∫—Ä–∞.mp3,–Ü—Å–∫—Ä–∞,https://youtube.com/watch?v=N8iQ-QuawIA,224,126136,musicnn-training\data\audio\–Ü—Å–∫—Ä–∞.mp3
–ù–µ –º–æ–≤—á–∏,–ù—É–º–µ—Ä 482,326.0,1109.0,"['alternative', 'rock']","['alternative', 'rock']",,audio\–°–ª–æ–≤–∞ –ø–µ—Å–Ω–∏ –ù—É–º–µ—Ä 482 - –ù–µ –ú–æ–≤—á–∏.mp3,–°–ª–æ–≤–∞ –ø–µ—Å–Ω–∏ –ù—É–º–µ—Ä 482 - –ù–µ –ú–æ–≤—á–∏,https://youtube.com/watch?v=pwoPruyWAV8,80,21,musicnn-training\data\audio\–°–ª–æ–≤–∞ –ø–µ—Å–Ω–∏ –ù—É–º–µ—Ä 482 - –ù–µ –ú–æ–≤—á–∏.mp3
–¢–æ–±—ñ –æ–¥–Ω–æ–º—É,Lama,1271.0,7311.0,"['hardcore punk', 'pop', 'punk']","['pop', 'punk']",244.0,audio\Lama - –¢–æ–±—ñ –æ–¥–Ω–æ–º—É(Arena 11.02.2011).mp3,Lama - –¢–æ–±—ñ –æ–¥–Ω–æ–º—É(Arena 11.02.2011),https://youtube.com/watch?v=9JoBIHnn7nk,188,73876,musicnn-training\data\audio\Lama - –¢–æ–±—ñ –æ–¥–Ω–æ–º—É(Arena 11.02.2011).mp3
Lumipallo,–ö—Ä–∏—Ö—ñ—Ç–∫–∞ –¶–∞—Ö–µ—Å,4247.0,30600.0,['pop-rock'],"['pop', 'rock']",,audio\2005 / –ö—Ä–∏—Ö—ñ—Ç–∫–∞ –¶–∞—Ö–µ—Å ‚Äé‚Äì   Lumipallo.mp3,2005 / –ö—Ä–∏—Ö—ñ—Ç–∫–∞ –¶–∞—Ö–µ—Å ‚Äé‚Äì   Lumipallo,https://youtube.com/watch?v=6pj7qJRq9PA,153,1872,
–î–∏–∫—ñ –¢–∞–Ω—Ü—ñ - Vilnyy Remix,alyona alyona,118.0,365.0,"['hip hop', 'hip-hop', 'rap']","['hip-hop', 'rap']",,audio\–î–∏–∫—ñ –¢–∞–Ω—Ü—ñ (Vilnyy Remix).mp3,–î–∏–∫—ñ –¢–∞–Ω—Ü—ñ (Vilnyy Remix),https://youtube.com/watch?v=5jx2xnacuKE,164,25210,musicnn-training\data\audio\–î–∏–∫—ñ –¢–∞–Ω—Ü—ñ (Vilnyy Remix).mp3
–õ–∏—Å—Ç–æ–ø–∞–¥,–ú–∞—Ä—ñ—è –ë—É—Ä–º–∞–∫–∞,431.0,1364.0,"['pop', 'pop-rock']","['pop', 'rock']",,audio\–õ–∏—Å—Ç–æ–ø–∞–¥.mp3,–õ–∏—Å—Ç–æ–ø–∞–¥,https://youtube.com/watch?v=3bJvYWLO-bg,175,1806,musicnn-training\data\audio\–õ–∏—Å—Ç–æ–ø–∞–¥.mp3
300 —Ä–æ–∫—ñ–≤ –±–µ–∑ –≤—ñ–π–Ω–∏,Vivienne Mort,128.0,612.0,"['alternative rock', 'experimental']","['alternative', 'rock']",,"audio\Vivienne Mort - 300 —Ä–æ–∫—ñ–≤ –±–µ–∑ –≤—ñ–π–Ω–∏ [""–ö–æ–Ω—Ü–µ—Ä—Ç –ø—Ä–∏ —Å–≤—ñ—á–∫–∞—Ö"" 09.12.2023, –ó–∞–ø–æ—Ä—ñ–∂–∂—è].mp3","Vivienne Mort - 300 —Ä–æ–∫—ñ–≤ –±–µ–∑ –≤—ñ–π–Ω–∏ [""–ö–æ–Ω—Ü–µ—Ä—Ç –ø—Ä–∏ —Å–≤—ñ—á–∫–∞—Ö"" 09.12.2023, –ó–∞–ø–æ—Ä—ñ–∂–∂—è]",https://youtube.com/watch?v=Fg9vItDqu1k,204,1975,
–Ø–∫–±–∏ —Ç–∏ –∑–Ω–∞–≤,–ö—Ä–∏—Ö—ñ—Ç–∫–∞ –¶–∞—Ö–µ—Å,4440.0,27760.0,"['alternative', 'indie', 'pop-rock']","['alternative', 'indie', 'pop', 'rock']",,audio\–Ø–∫–±–∏ –¢–∏ –ó–Ω–∞–≤.mp3,–Ø–∫–±–∏ –¢–∏ –ó–Ω–∞–≤,https://youtube.com/watch?v=i128nlVDBSk,170,35275,musicnn-training\data\audio\–Ø–∫–±–∏ –¢–∏ –ó–Ω–∞–≤.mp3
–ù–µ —Ç–æ–º—É,–ú–∞—Ä—ñ—è –ë—É—Ä–º–∞–∫–∞,268.0,2447.0,"['pop', 'pop-rock']","['pop', 'rock']",,audio\–ú–∞—Ä—ñ—è –ë—É—Ä–º–∞–∫–∞ - –ù–µ —Ç–æ–º—É.mp3,–ú–∞—Ä—ñ—è –ë—É—Ä–º–∞–∫–∞ - –ù–µ —Ç–æ–º—É,https://youtube.com/watch?v=9HBL1qv7FvE,223,70039,musicnn-training\data\audio\–ú–∞—Ä—ñ—è –ë—É—Ä–º–∞–∫–∞ - –ù–µ —Ç–æ–º—É.mp3
–í–∞–ª–µ–Ω—Ç–∏–Ω,–ü—ñ–∫–∫–∞—Ä–¥—ñ–π—Å—å–∫–∞ –¢–µ—Ä—Ü—ñ—è,161.0,452.0,['folk'],['folk'],,audio\–ü—ñ–∫–∫–∞—Ä–¥—ñ–π—Å—å–∫–∞ –¢–µ—Ä—Ü—ñ—è - 09. –î–µ–Ω—å –°–≤—è—Ç–æ–≥–æ –í–∞–ª–µ–Ω—Ç–∏–Ω–∞ (live audio).mp3,–ü—ñ–∫–∫–∞—Ä–¥—ñ–π—Å—å–∫–∞ –¢–µ—Ä—Ü—ñ—è - 09. –î–µ–Ω—å –°–≤—è—Ç–æ–≥–æ –í–∞–ª–µ–Ω—Ç–∏–Ω–∞ (live audio),https://youtube.com/watch?v=mUma9F-wg-0,158,33,musicnn-training\data\audio\–ü—ñ–∫–∫–∞—Ä–¥—ñ–π—Å—å–∫–∞ –¢–µ—Ä—Ü—ñ—è - 09. –î–µ–Ω—å –°–≤—è—Ç–æ–≥–æ –í–∞–ª–µ–Ω—Ç–∏–Ω–∞ (live audio).mp3
Living My Life,TVORCHI,1283.0,5098.0,"['electronic', 'pop']","['electro', 'pop']",163.0,audio\TVORCHI - Living My Life (Official Video).mp3,TVORCHI - Living My Life (Official Video),https://youtube.com/watch?v=wQN98ggq25A,154,640919,musicnn-training\data\audio\TVORCHI - Living My Life (Official Video).mp3
